file,line,type,commit,author,date,time,timezone,datetime,depth,length
style.css,1,css,88872fc6,mux002,2025-10-15,00:07:42,-07:00,2025-10-15T00:07:42-07:00,0,4
style.css,2,css,88872fc6,mux002,2025-10-15,00:07:42,-07:00,2025-10-15T00:07:42-07:00,1,23
style.css,3,css,88872fc6,mux002,2025-10-15,00:07:42,-07:00,2025-10-15T00:07:42-07:00,0,0
style.css,4,css,88872fc6,mux002,2025-10-15,00:07:42,-07:00,2025-10-15T00:07:42-07:00,0,0
style.css,5,css,88872fc6,mux002,2025-10-15,00:07:42,-07:00,2025-10-15T00:07:42-07:00,0,13
style.css,6,css,88872fc6,mux002,2025-10-15,00:07:42,-07:00,2025-10-15T00:07:42-07:00,1,17
style.css,7,css,88872fc6,mux002,2025-10-15,00:07:42,-07:00,2025-10-15T00:07:42-07:00,1,8
style.css,8,css,88872fc6,mux002,2025-10-15,00:07:42,-07:00,2025-10-15T00:07:42-07:00,1,10
style.css,9,css,88872fc6,mux002,2025-10-15,00:07:42,-07:00,2025-10-15T00:07:42-07:00,1,15
style.css,10,css,88872fc6,mux002,2025-10-15,00:07:42,-07:00,2025-10-15T00:07:42-07:00,1,19
style.css,11,css,88872fc6,mux002,2025-10-15,00:07:42,-07:00,2025-10-15T00:07:42-07:00,0,0
style.css,12,css,88872fc6,mux002,2025-10-15,00:07:42,-07:00,2025-10-15T00:07:42-07:00,0,0
style.css,13,css,88872fc6,mux002,2025-10-15,00:07:42,-07:00,2025-10-15T00:07:42-07:00,0,4
style.css,14,css,88872fc6,mux002,2025-10-15,00:07:42,-07:00,2025-10-15T00:07:42-07:00,1,17
style.css,15,css,88872fc6,mux002,2025-10-15,00:07:42,-07:00,2025-10-15T00:07:42-07:00,1,16
style.css,16,css,88872fc6,mux002,2025-10-15,00:07:42,-07:00,2025-10-15T00:07:42-07:00,0,0
style.css,17,css,88872fc6,mux002,2025-10-15,00:07:42,-07:00,2025-10-15T00:07:42-07:00,0,0
style.css,18,css,05369f99,mux002,2025-10-02,15:56:04,-07:00,2025-10-02T15:56:04-07:00,0,4
style.css,19,css,05369f99,mux002,2025-10-02,15:56:04,-07:00,2025-10-02T15:56:04-07:00,1,43
style.css,20,css,05369f99,mux002,2025-10-02,15:56:04,-07:00,2025-10-02T15:56:04-07:00,0,42
style.css,21,css,05369f99,mux002,2025-10-02,15:56:04,-07:00,2025-10-02T15:56:04-07:00,0,0
style.css,22,css,05369f99,mux002,2025-10-02,15:56:04,-07:00,2025-10-02T15:56:04-07:00,1,23
style.css,23,css,446eed91,mux002,2025-10-09,20:12:45,-07:00,2025-10-09T20:12:45-07:00,1,14
style.css,24,css,446eed91,mux002,2025-10-09,20:12:45,-07:00,2025-10-09T20:12:45-07:00,1,18
style.css,25,css,446eed91,mux002,2025-10-09,20:12:45,-07:00,2025-10-09T20:12:45-07:00,1,11
style.css,26,css,446eed91,mux002,2025-10-09,20:12:45,-07:00,2025-10-09T20:12:45-07:00,0,0
style.css,27,css,446eed91,mux002,2025-10-09,20:12:45,-07:00,2025-10-09T20:12:45-07:00,0,0
style.css,28,css,446eed91,mux002,2025-10-09,20:12:45,-07:00,2025-10-09T20:12:45-07:00,0,3
style.css,29,css,446eed91,mux002,2025-10-09,20:12:45,-07:00,2025-10-09T20:12:45-07:00,1,12
style.css,30,css,446eed91,mux002,2025-10-09,20:12:45,-07:00,2025-10-09T20:12:45-07:00,1,17
style.css,31,css,446eed91,mux002,2025-10-09,20:12:45,-07:00,2025-10-09T20:12:45-07:00,1,41
style.css,32,css,446eed91,mux002,2025-10-09,20:12:45,-07:00,2025-10-09T20:12:45-07:00,0,0
style.css,33,css,446eed91,mux002,2025-10-09,20:12:45,-07:00,2025-10-09T20:12:45-07:00,0,0
style.css,34,css,446eed91,mux002,2025-10-09,20:12:45,-07:00,2025-10-09T20:12:45-07:00,0,5
style.css,35,css,446eed91,mux002,2025-10-09,20:12:45,-07:00,2025-10-09T20:12:45-07:00,1,6
style.css,36,css,446eed91,mux002,2025-10-09,20:12:45,-07:00,2025-10-09T20:12:45-07:00,1,20
style.css,37,css,446eed91,mux002,2025-10-09,20:12:45,-07:00,2025-10-09T20:12:45-07:00,1,13
style.css,38,css,446eed91,mux002,2025-10-09,20:12:45,-07:00,2025-10-09T20:12:45-07:00,1,17
style.css,39,css,446eed91,mux002,2025-10-09,20:12:45,-07:00,2025-10-09T20:12:45-07:00,1,13
style.css,40,css,446eed91,mux002,2025-10-09,20:12:45,-07:00,2025-10-09T20:12:45-07:00,0,0
style.css,41,css,446eed91,mux002,2025-10-09,20:12:45,-07:00,2025-10-09T20:12:45-07:00,0,0
style.css,42,css,446eed91,mux002,2025-10-09,20:12:45,-07:00,2025-10-09T20:12:45-07:00,0,13
style.css,43,css,446eed91,mux002,2025-10-09,20:12:45,-07:00,2025-10-09T20:12:45-07:00,1,43
style.css,44,css,446eed91,mux002,2025-10-09,20:12:45,-07:00,2025-10-09T20:12:45-07:00,1,20
style.css,45,css,446eed91,mux002,2025-10-09,20:12:45,-07:00,2025-10-09T20:12:45-07:00,1,16
style.css,46,css,446eed91,mux002,2025-10-09,20:12:45,-07:00,2025-10-09T20:12:45-07:00,0,0
style.css,47,css,446eed91,mux002,2025-10-09,20:12:45,-07:00,2025-10-09T20:12:45-07:00,0,0
style.css,48,css,446eed91,mux002,2025-10-09,20:12:45,-07:00,2025-10-09T20:12:45-07:00,0,4
style.css,49,css,446eed91,mux002,2025-10-09,20:12:45,-07:00,2025-10-09T20:12:45-07:00,1,34
style.css,50,css,446eed91,mux002,2025-10-09,20:12:45,-07:00,2025-10-09T20:12:45-07:00,1,32
style.css,51,css,446eed91,mux002,2025-10-09,20:12:45,-07:00,2025-10-09T20:12:45-07:00,0,0
style.css,52,css,446eed91,mux002,2025-10-09,20:12:45,-07:00,2025-10-09T20:12:45-07:00,0,0
style.css,53,css,446eed91,mux002,2025-10-09,20:12:45,-07:00,2025-10-09T20:12:45-07:00,0,11
style.css,54,css,446eed91,mux002,2025-10-09,20:12:45,-07:00,2025-10-09T20:12:45-07:00,1,45
style.css,55,css,446eed91,mux002,2025-10-09,20:12:45,-07:00,2025-10-09T20:12:45-07:00,1,20
style.css,56,css,446eed91,mux002,2025-10-09,20:12:45,-07:00,2025-10-09T20:12:45-07:00,1,25
style.css,57,css,446eed91,mux002,2025-10-09,20:12:45,-07:00,2025-10-09T20:12:45-07:00,0,0
style.css,58,css,446eed91,mux002,2025-10-09,20:12:45,-07:00,2025-10-09T20:12:45-07:00,0,0
style.css,59,css,446eed91,mux002,2025-10-09,20:12:45,-07:00,2025-10-09T20:12:45-07:00,0,4
style.css,60,css,446eed91,mux002,2025-10-09,20:12:45,-07:00,2025-10-09T20:12:45-07:00,0,7
style.css,61,css,446eed91,mux002,2025-10-09,20:12:45,-07:00,2025-10-09T20:12:45-07:00,0,5
style.css,62,css,446eed91,mux002,2025-10-09,20:12:45,-07:00,2025-10-09T20:12:45-07:00,0,6
style.css,63,css,446eed91,mux002,2025-10-09,20:12:45,-07:00,2025-10-09T20:12:45-07:00,1,12
style.css,64,css,446eed91,mux002,2025-10-09,20:12:45,-07:00,2025-10-09T20:12:45-07:00,0,0
style.css,65,css,446eed91,mux002,2025-10-09,20:12:45,-07:00,2025-10-09T20:12:45-07:00,0,0
style.css,66,css,446eed91,mux002,2025-10-09,20:12:45,-07:00,2025-10-09T20:12:45-07:00,0,4
style.css,67,css,446eed91,mux002,2025-10-09,20:12:45,-07:00,2025-10-09T20:12:45-07:00,1,12
style.css,68,css,446eed91,mux002,2025-10-09,20:12:45,-07:00,2025-10-09T20:12:45-07:00,1,30
style.css,69,css,446eed91,mux002,2025-10-09,20:12:45,-07:00,2025-10-09T20:12:45-07:00,1,7
style.css,70,css,446eed91,mux002,2025-10-09,20:12:45,-07:00,2025-10-09T20:12:45-07:00,0,0
style.css,71,css,446eed91,mux002,2025-10-09,20:12:45,-07:00,2025-10-09T20:12:45-07:00,0,0
style.css,72,css,446eed91,mux002,2025-10-09,20:12:45,-07:00,2025-10-09T20:12:45-07:00,0,5
style.css,73,css,446eed91,mux002,2025-10-09,20:12:45,-07:00,2025-10-09T20:12:45-07:00,1,12
style.css,74,css,446eed91,mux002,2025-10-09,20:12:45,-07:00,2025-10-09T20:12:45-07:00,1,29
style.css,75,css,446eed91,mux002,2025-10-09,20:12:45,-07:00,2025-10-09T20:12:45-07:00,1,18
style.css,76,css,446eed91,mux002,2025-10-09,20:12:45,-07:00,2025-10-09T20:12:45-07:00,0,0
style.css,77,css,446eed91,mux002,2025-10-09,20:12:45,-07:00,2025-10-09T20:12:45-07:00,0,0
style.css,78,css,446eed91,mux002,2025-10-09,20:12:45,-07:00,2025-10-09T20:12:45-07:00,0,9
style.css,79,css,446eed91,mux002,2025-10-09,20:12:45,-07:00,2025-10-09T20:12:45-07:00,1,12
style.css,80,css,446eed91,mux002,2025-10-09,20:12:45,-07:00,2025-10-09T20:12:45-07:00,1,58
style.css,81,css,446eed91,mux002,2025-10-09,20:12:45,-07:00,2025-10-09T20:12:45-07:00,0,0
style.css,82,css,446eed91,mux002,2025-10-09,20:12:45,-07:00,2025-10-09T20:12:45-07:00,0,0
style.css,83,css,446eed91,mux002,2025-10-09,20:12:45,-07:00,2025-10-09T20:12:45-07:00,0,17
style.css,84,css,446eed91,mux002,2025-10-09,20:12:45,-07:00,2025-10-09T20:12:45-07:00,1,12
style.css,85,css,446eed91,mux002,2025-10-09,20:12:45,-07:00,2025-10-09T20:12:45-07:00,1,26
style.css,86,css,446eed91,mux002,2025-10-09,20:12:45,-07:00,2025-10-09T20:12:45-07:00,1,15
style.css,87,css,446eed91,mux002,2025-10-09,20:12:45,-07:00,2025-10-09T20:12:45-07:00,1,7
style.css,88,css,446eed91,mux002,2025-10-09,20:12:45,-07:00,2025-10-09T20:12:45-07:00,0,0
style.css,89,css,446eed91,mux002,2025-10-09,20:12:45,-07:00,2025-10-09T20:12:45-07:00,0,0
style.css,90,css,446eed91,mux002,2025-10-09,20:12:45,-07:00,2025-10-09T20:12:45-07:00,0,30
style.css,91,css,446eed91,mux002,2025-10-09,20:12:45,-07:00,2025-10-09T20:12:45-07:00,1,15
style.css,92,css,446eed91,mux002,2025-10-09,20:12:45,-07:00,2025-10-09T20:12:45-07:00,1,17
style.css,93,css,446eed91,mux002,2025-10-09,20:12:45,-07:00,2025-10-09T20:12:45-07:00,0,0
style.css,94,css,446eed91,mux002,2025-10-09,20:12:45,-07:00,2025-10-09T20:12:45-07:00,0,0
style.css,95,css,cd91a94c,mux002,2025-10-10,15:30:45,-07:00,2025-10-10T15:30:45-07:00,0,7
style.css,96,css,cd91a94c,mux002,2025-10-10,15:30:45,-07:00,2025-10-10T15:30:45-07:00,1,12
style.css,97,css,cd91a94c,mux002,2025-10-10,15:30:45,-07:00,2025-10-10T15:30:45-07:00,1,11
style.css,98,css,cd91a94c,mux002,2025-10-10,15:30:45,-07:00,2025-10-10T15:30:45-07:00,0,0
style.css,99,css,cd91a94c,mux002,2025-10-10,15:30:45,-07:00,2025-10-10T15:30:45-07:00,0,0
style.css,100,css,cd91a94c,mux002,2025-10-10,15:30:45,-07:00,2025-10-10T15:30:45-07:00,0,8
style.css,101,css,cd91a94c,mux002,2025-10-10,15:30:45,-07:00,2025-10-10T15:30:45-07:00,1,12
style.css,102,css,cd91a94c,mux002,2025-10-10,15:30:45,-07:00,2025-10-10T15:30:45-07:00,1,11
style.css,103,css,cd91a94c,mux002,2025-10-10,15:30:45,-07:00,2025-10-10T15:30:45-07:00,0,0
style.css,104,css,cd91a94c,mux002,2025-10-10,15:30:45,-07:00,2025-10-10T15:30:45-07:00,0,0
style.css,105,css,cd91a94c,mux002,2025-10-10,15:30:45,-07:00,2025-10-10T15:30:45-07:00,0,0
style.css,106,css,cd91a94c,mux002,2025-10-10,15:30:45,-07:00,2025-10-10T15:30:45-07:00,0,2
style.css,107,css,cd91a94c,mux002,2025-10-10,15:30:45,-07:00,2025-10-10T15:30:45-07:00,1,39
style.css,108,css,cd91a94c,mux002,2025-10-10,15:30:45,-07:00,2025-10-10T15:30:45-07:00,1,15
style.css,109,css,cd91a94c,mux002,2025-10-10,15:30:45,-07:00,2025-10-10T15:30:45-07:00,1,27
style.css,110,css,cd91a94c,mux002,2025-10-10,15:30:45,-07:00,2025-10-10T15:30:45-07:00,1,53
style.css,111,css,cd91a94c,mux002,2025-10-10,15:30:45,-07:00,2025-10-10T15:30:45-07:00,0,0
style.css,112,css,9d6b5192,mux002,2025-10-13,15:36:29,-07:00,2025-10-13T15:36:29-07:00,0,0
style.css,113,css,88872fc6,mux002,2025-10-15,00:07:42,-07:00,2025-10-15T00:07:42-07:00,0,3
style.css,114,css,88872fc6,mux002,2025-10-15,00:07:42,-07:00,2025-10-15T00:07:42-07:00,1,39
style.css,115,css,88872fc6,mux002,2025-10-15,00:07:42,-07:00,2025-10-15T00:07:42-07:00,1,12
style.css,116,css,88872fc6,mux002,2025-10-15,00:07:42,-07:00,2025-10-15T00:07:42-07:00,1,17
style.css,117,css,88872fc6,mux002,2025-10-15,00:07:42,-07:00,2025-10-15T00:07:42-07:00,1,43
style.css,118,css,88872fc6,mux002,2025-10-15,00:07:42,-07:00,2025-10-15T00:07:42-07:00,0,0
style.css,119,css,88872fc6,mux002,2025-10-15,00:07:42,-07:00,2025-10-15T00:07:42-07:00,0,0
style.css,120,css,88872fc6,mux002,2025-10-15,00:07:42,-07:00,2025-10-15T00:07:42-07:00,0,13
style.css,121,css,88872fc6,mux002,2025-10-15,00:07:42,-07:00,2025-10-15T00:07:42-07:00,1,45
style.css,122,css,88872fc6,mux002,2025-10-15,00:07:42,-07:00,2025-10-15T00:07:42-07:00,1,20
style.css,123,css,88872fc6,mux002,2025-10-15,00:07:42,-07:00,2025-10-15T00:07:42-07:00,1,16
style.css,124,css,88872fc6,mux002,2025-10-15,00:07:42,-07:00,2025-10-15T00:07:42-07:00,0,0
style.css,125,css,88872fc6,mux002,2025-10-15,00:07:42,-07:00,2025-10-15T00:07:42-07:00,0,0
style.css,126,css,5a4fef4f,mux002,2025-10-29,20:19:45,-07:00,2025-10-29T20:19:45-07:00,0,18
style.css,127,css,5a4fef4f,mux002,2025-10-29,20:19:45,-07:00,2025-10-29T20:19:45-07:00,1,14
style.css,128,css,5a4fef4f,mux002,2025-10-29,20:19:45,-07:00,2025-10-29T20:19:45-07:00,1,16
style.css,129,css,5a4fef4f,mux002,2025-10-29,20:19:45,-07:00,2025-10-29T20:19:45-07:00,1,16
style.css,130,css,5a4fef4f,mux002,2025-10-29,20:19:45,-07:00,2025-10-29T20:19:45-07:00,0,0
style.css,131,css,5a4fef4f,mux002,2025-10-29,20:19:45,-07:00,2025-10-29T20:19:45-07:00,0,0
style.css,132,css,4c3e2a00,mux002,2025-10-29,22:03:07,-07:00,2025-10-29T22:03:07-07:00,0,7
style.css,133,css,4c3e2a00,mux002,2025-10-29,22:03:07,-07:00,2025-10-29T22:03:07-07:00,1,12
style.css,134,css,4c3e2a00,mux002,2025-10-29,22:03:07,-07:00,2025-10-29T22:03:07-07:00,1,57
style.css,135,css,4c3e2a00,mux002,2025-10-29,22:03:07,-07:00,2025-10-29T22:03:07-07:00,1,15
style.css,136,css,4c3e2a00,mux002,2025-10-29,22:03:07,-07:00,2025-10-29T22:03:07-07:00,1,15
style.css,137,css,4c3e2a00,mux002,2025-10-29,22:03:07,-07:00,2025-10-29T22:03:07-07:00,1,21
style.css,138,css,4c3e2a00,mux002,2025-10-29,22:03:07,-07:00,2025-10-29T22:03:07-07:00,1,41
style.css,139,css,4c3e2a00,mux002,2025-10-29,22:03:07,-07:00,2025-10-29T22:03:07-07:00,1,20
style.css,140,css,4c3e2a00,mux002,2025-10-29,22:03:07,-07:00,2025-10-29T22:03:07-07:00,1,15
style.css,141,css,4c3e2a00,mux002,2025-10-29,22:03:07,-07:00,2025-10-29T22:03:07-07:00,1,14
style.css,142,css,4c3e2a00,mux002,2025-10-29,22:03:07,-07:00,2025-10-29T22:03:07-07:00,1,22
style.css,143,css,4c3e2a00,mux002,2025-10-29,22:03:07,-07:00,2025-10-29T22:03:07-07:00,1,20
style.css,144,css,4c3e2a00,mux002,2025-10-29,22:03:07,-07:00,2025-10-29T22:03:07-07:00,1,18
style.css,145,css,4c3e2a00,mux002,2025-10-29,22:03:07,-07:00,2025-10-29T22:03:07-07:00,0,0
style.css,146,css,4c3e2a00,mux002,2025-10-29,22:03:07,-07:00,2025-10-29T22:03:07-07:00,0,12
style.css,147,css,4c3e2a00,mux002,2025-10-29,22:03:07,-07:00,2025-10-29T22:03:07-07:00,1,12
style.css,148,css,4c3e2a00,mux002,2025-10-29,22:03:07,-07:00,2025-10-29T22:03:07-07:00,1,18
style.css,149,css,4c3e2a00,mux002,2025-10-29,22:03:07,-07:00,2025-10-29T22:03:07-07:00,1,22
style.css,150,css,4c3e2a00,mux002,2025-10-29,22:03:07,-07:00,2025-10-29T22:03:07-07:00,1,10
style.css,151,css,4c3e2a00,mux002,2025-10-29,22:03:07,-07:00,2025-10-29T22:03:07-07:00,0,0
style.css,152,css,4c3e2a00,mux002,2025-10-29,22:03:07,-07:00,2025-10-29T22:03:07-07:00,0,15
style.css,153,css,4c3e2a00,mux002,2025-10-29,22:03:07,-07:00,2025-10-29T22:03:07-07:00,1,20
style.css,154,css,4c3e2a00,mux002,2025-10-29,22:03:07,-07:00,2025-10-29T22:03:07-07:00,1,11
style.css,155,css,4c3e2a00,mux002,2025-10-29,22:03:07,-07:00,2025-10-29T22:03:07-07:00,1,18
style.css,156,css,4c3e2a00,mux002,2025-10-29,22:03:07,-07:00,2025-10-29T22:03:07-07:00,1,23
style.css,157,css,4c3e2a00,mux002,2025-10-29,22:03:07,-07:00,2025-10-29T22:03:07-07:00,1,19
style.css,158,css,c1e584de,mux002,2025-10-29,22:09:05,-07:00,2025-10-29T22:09:05-07:00,0,0
style.css,159,css,c1e584de,mux002,2025-10-29,22:09:05,-07:00,2025-10-29T22:09:05-07:00,0,0
style.css,160,css,c1e584de,mux002,2025-10-29,22:09:05,-07:00,2025-10-29T22:09:05-07:00,0,10
style.css,161,css,c1e584de,mux002,2025-10-29,22:09:05,-07:00,2025-10-29T22:09:05-07:00,1,12
style.css,162,css,c1e584de,mux002,2025-10-29,22:09:05,-07:00,2025-10-29T22:09:05-07:00,1,18
style.css,163,css,c1e584de,mux002,2025-10-29,22:09:05,-07:00,2025-10-29T22:09:05-07:00,1,8
style.css,164,css,c1e584de,mux002,2025-10-29,22:09:05,-07:00,2025-10-29T22:09:05-07:00,1,21
style.css,165,css,93207d2b,mux002,2025-10-30,15:22:07,-07:00,2025-10-30T15:22:07-07:00,0,0
style.css,166,css,93207d2b,mux002,2025-10-30,15:22:07,-07:00,2025-10-30T15:22:07-07:00,0,0
style.css,167,css,93207d2b,mux002,2025-10-30,15:22:07,-07:00,2025-10-30T15:22:07-07:00,0,23
style.css,168,css,93207d2b,mux002,2025-10-30,15:22:07,-07:00,2025-10-30T15:22:07-07:00,1,16
style.css,169,css,93207d2b,mux002,2025-10-30,15:22:07,-07:00,2025-10-30T15:22:07-07:00,1,14
style.css,170,css,93207d2b,mux002,2025-10-30,15:22:07,-07:00,2025-10-30T15:22:07-07:00,0,0
style.css,171,css,93207d2b,mux002,2025-10-30,15:22:07,-07:00,2025-10-30T15:22:07-07:00,0,0
style.css,172,css,93207d2b,mux002,2025-10-30,15:22:07,-07:00,2025-10-30T15:22:07-07:00,0,51
style.css,173,css,93207d2b,mux002,2025-10-30,15:22:07,-07:00,2025-10-30T15:22:07-07:00,1,11
style.css,174,css,93207d2b,mux002,2025-10-30,15:22:07,-07:00,2025-10-30T15:22:07-07:00,0,0
style.css,175,css,93207d2b,mux002,2025-10-30,15:22:07,-07:00,2025-10-30T15:22:07-07:00,0,0
style.css,176,css,93207d2b,mux002,2025-10-30,15:22:07,-07:00,2025-10-30T15:22:07-07:00,0,42
style.css,177,css,93207d2b,mux002,2025-10-30,15:22:07,-07:00,2025-10-30T15:22:07-07:00,0,0
style.css,178,css,93207d2b,mux002,2025-10-30,15:22:07,-07:00,2025-10-30T15:22:07-07:00,0,50
style.css,179,css,93207d2b,mux002,2025-10-30,15:22:07,-07:00,2025-10-30T15:22:07-07:00,0,9
style.css,180,css,93207d2b,mux002,2025-10-30,15:22:07,-07:00,2025-10-30T15:22:07-07:00,1,65
style.css,181,css,93207d2b,mux002,2025-10-30,15:22:07,-07:00,2025-10-30T15:22:07-07:00,0,0
style.css,182,css,93207d2b,mux002,2025-10-30,15:22:07,-07:00,2025-10-30T15:22:07-07:00,0,0
style.css,183,css,93207d2b,mux002,2025-10-30,15:22:07,-07:00,2025-10-30T15:22:07-07:00,0,60
style.css,184,css,93207d2b,mux002,2025-10-30,15:22:07,-07:00,2025-10-30T15:22:07-07:00,0,54
index.js,1,js,7bfeea31,mux002,2025-10-23,21:31:06,-07:00,2025-10-23T21:31:06-07:00,0,71
index.js,2,js,7bfeea31,mux002,2025-10-23,21:31:06,-07:00,2025-10-23T21:31:06-07:00,0,54
index.js,3,js,7bfeea31,mux002,2025-10-23,21:31:06,-07:00,2025-10-23T21:31:06-07:00,0,42
index.js,4,js,7bfeea31,mux002,2025-10-23,21:31:06,-07:00,2025-10-23T21:31:06-07:00,0,60
index.js,5,js,7bfeea31,mux002,2025-10-23,21:31:06,-07:00,2025-10-23T21:31:06-07:00,0,54
index.js,6,js,7bfeea31,mux002,2025-10-23,21:31:06,-07:00,2025-10-23T21:31:06-07:00,0,49
index.js,7,js,7bfeea31,mux002,2025-10-23,21:31:06,-07:00,2025-10-23T21:31:06-07:00,0,60
index.js,8,js,7bfeea31,mux002,2025-10-23,21:31:06,-07:00,2025-10-23T21:31:06-07:00,0,17
index.js,9,js,7bfeea31,mux002,2025-10-23,21:31:06,-07:00,2025-10-23T21:31:06-07:00,2,24
index.js,10,js,7bfeea31,mux002,2025-10-23,21:31:06,-07:00,2025-10-23T21:31:06-07:00,4,21
index.js,11,js,7bfeea31,mux002,2025-10-23,21:31:06,-07:00,2025-10-23T21:31:06-07:00,4,16
index.js,12,js,7bfeea31,mux002,2025-10-23,21:31:06,-07:00,2025-10-23T21:31:06-07:00,6,55
index.js,13,js,7bfeea31,mux002,2025-10-23,21:31:06,-07:00,2025-10-23T21:31:06-07:00,6,55
index.js,14,js,7bfeea31,mux002,2025-10-23,21:31:06,-07:00,2025-10-23T21:31:06-07:00,6,49
index.js,15,js,7bfeea31,mux002,2025-10-23,21:31:06,-07:00,2025-10-23T21:31:06-07:00,6,49
index.js,16,js,7bfeea31,mux002,2025-10-23,21:31:06,-07:00,2025-10-23T21:31:06-07:00,4,3
index.js,17,js,7bfeea31,mux002,2025-10-23,21:31:06,-07:00,2025-10-23T21:31:06-07:00,2,0
index.js,18,js,7bfeea31,mux002,2025-10-23,21:31:06,-07:00,2025-10-23T21:31:06-07:00,0,0
index.html,1,html,26b28c9c,mux002,2025-10-02,12:42:12,-07:00,2025-10-02T12:42:12-07:00,0,13
index.html,2,html,26b28c9c,mux002,2025-10-02,12:42:12,-07:00,2025-10-02T12:42:12-07:00,0,14
index.html,3,html,26b28c9c,mux002,2025-10-02,12:42:12,-07:00,2025-10-02T12:42:12-07:00,0,4
index.html,4,html,26b28c9c,mux002,2025-10-02,12:42:12,-07:00,2025-10-02T12:42:12-07:00,2,20
index.html,5,html,26b28c9c,mux002,2025-10-02,12:42:12,-07:00,2025-10-02T12:42:12-07:00,2,68
index.html,6,html,26b28c9c,mux002,2025-10-02,12:42:12,-07:00,2025-10-02T12:42:12-07:00,2,50
index.html,7,html,05369f99,mux002,2025-10-02,15:56:04,-07:00,2025-10-02T15:56:04-07:00,2,38
index.html,8,html,9d6b5192,mux002,2025-10-13,15:36:29,-07:00,2025-10-13T15:36:29-07:00,2,45
index.html,9,html,7bfeea31,mux002,2025-10-23,21:31:06,-07:00,2025-10-23T21:31:06-07:00,2,50
index.html,10,html,26b28c9c,mux002,2025-10-02,12:42:12,-07:00,2025-10-02T12:42:12-07:00,0,5
index.html,11,html,26b28c9c,mux002,2025-10-02,12:42:12,-07:00,2025-10-02T12:42:12-07:00,0,4
index.html,12,html,88872fc6,mux002,2025-10-15,00:07:42,-07:00,2025-10-15T00:07:42-07:00,2,9
index.html,13,html,26b28c9c,mux002,2025-10-02,12:42:12,-07:00,2025-10-02T12:42:12-07:00,2,15
index.html,14,html,26b28c9c,mux002,2025-10-02,12:42:12,-07:00,2025-10-02T12:42:12-07:00,2,166
index.html,15,html,05369f99,mux002,2025-10-02,15:56:04,-07:00,2025-10-02T15:56:04-07:00,2,78
index.html,16,html,7bfeea31,mux002,2025-10-23,21:31:06,-07:00,2025-10-23T21:31:06-07:00,2,22
index.html,17,html,7bfeea31,mux002,2025-10-23,21:31:06,-07:00,2025-10-23T21:31:06-07:00,2,20
index.html,18,html,7bfeea31,mux002,2025-10-23,21:31:06,-07:00,2025-10-23T21:31:06-07:00,4,49
index.html,19,html,7bfeea31,mux002,2025-10-23,21:31:06,-07:00,2025-10-23T21:31:06-07:00,2,4
index.html,20,html,7bfeea31,mux002,2025-10-23,21:31:06,-07:00,2025-10-23T21:31:06-07:00,2,28
index.html,21,html,26b28c9c,mux002,2025-10-02,12:42:12,-07:00,2025-10-02T12:42:12-07:00,0,5
index.html,22,html,26b28c9c,mux002,2025-10-02,12:42:12,-07:00,2025-10-02T12:42:12-07:00,0,5
global.js,1,js,9d6b5192,mux002,2025-10-13,15:36:29,-07:00,2025-10-13T15:36:29-07:00,0,25
global.js,2,js,9d6b5192,mux002,2025-10-13,15:36:29,-07:00,2025-10-13T15:36:29-07:00,0,0
global.js,3,js,9d6b5192,mux002,2025-10-13,15:36:29,-07:00,2025-10-13T15:36:29-07:00,0,41
global.js,4,js,9d6b5192,mux002,2025-10-13,15:36:29,-07:00,2025-10-13T15:36:29-07:00,1,52
global.js,5,js,88872fc6,mux002,2025-10-15,00:07:42,-07:00,2025-10-15T00:07:42-07:00,0,0
global.js,6,js,88872fc6,mux002,2025-10-15,00:07:42,-07:00,2025-10-15T00:07:42-07:00,0,0
global.js,7,js,88872fc6,mux002,2025-10-15,00:07:42,-07:00,2025-10-15T00:07:42-07:00,0,29
global.js,8,js,88872fc6,mux002,2025-10-15,00:07:42,-07:00,2025-10-15T00:07:42-07:00,0,32
global.js,9,js,88872fc6,mux002,2025-10-15,00:07:42,-07:00,2025-10-15T00:07:42-07:00,1,68
global.js,10,js,88872fc6,mux002,2025-10-15,00:07:42,-07:00,2025-10-15T00:07:42-07:00,0,2
global.js,11,js,88872fc6,mux002,2025-10-15,00:07:42,-07:00,2025-10-15T00:07:42-07:00,0,36
global.js,12,js,88872fc6,mux002,2025-10-15,00:07:42,-07:00,2025-10-15T00:07:42-07:00,0,18
global.js,13,js,88872fc6,mux002,2025-10-15,00:07:42,-07:00,2025-10-15T00:07:42-07:00,1,34
global.js,14,js,88872fc6,mux002,2025-10-15,00:07:42,-07:00,2025-10-15T00:07:42-07:00,1,37
global.js,15,js,88872fc6,mux002,2025-10-15,00:07:42,-07:00,2025-10-15T00:07:42-07:00,0,1
global.js,16,js,88872fc6,mux002,2025-10-15,00:07:42,-07:00,2025-10-15T00:07:42-07:00,0,38
global.js,17,js,88872fc6,mux002,2025-10-15,00:07:42,-07:00,2025-10-15T00:07:42-07:00,0,88
global.js,18,js,88872fc6,mux002,2025-10-15,00:07:42,-07:00,2025-10-15T00:07:42-07:00,1,36
global.js,19,js,88872fc6,mux002,2025-10-15,00:07:42,-07:00,2025-10-15T00:07:42-07:00,1,48
global.js,20,js,88872fc6,mux002,2025-10-15,00:07:42,-07:00,2025-10-15T00:07:42-07:00,0,11
global.js,21,js,88872fc6,mux002,2025-10-15,00:07:42,-07:00,2025-10-15T00:07:42-07:00,1,25
global.js,22,js,88872fc6,mux002,2025-10-15,00:07:42,-07:00,2025-10-15T00:07:42-07:00,1,38
global.js,23,js,88872fc6,mux002,2025-10-15,00:07:42,-07:00,2025-10-15T00:07:42-07:00,1,39
global.js,24,js,88872fc6,mux002,2025-10-15,00:07:42,-07:00,2025-10-15T00:07:42-07:00,1,38
global.js,25,js,00000000,Not Committed Yet,2025-11-07,14:28:46,-08:00,2025-11-07T14:28:46-08:00,1,34
global.js,26,js,88872fc6,mux002,2025-10-15,00:07:42,-07:00,2025-10-15T00:07:42-07:00,1,68
global.js,27,js,88872fc6,mux002,2025-10-15,00:07:42,-07:00,2025-10-15T00:07:42-07:00,0,0
global.js,28,js,88872fc6,mux002,2025-10-15,00:07:42,-07:00,2025-10-15T00:07:42-07:00,0,38
global.js,29,js,88872fc6,mux002,2025-10-15,00:07:42,-07:00,2025-10-15T00:07:42-07:00,0,25
global.js,30,js,88872fc6,mux002,2025-10-15,00:07:42,-07:00,2025-10-15T00:07:42-07:00,0,20
global.js,31,js,88872fc6,mux002,2025-10-15,00:07:42,-07:00,2025-10-15T00:07:42-07:00,1,14
global.js,32,js,88872fc6,mux002,2025-10-15,00:07:42,-07:00,2025-10-15T00:07:42-07:00,1,18
global.js,33,js,88872fc6,mux002,2025-10-15,00:07:42,-07:00,2025-10-15T00:07:42-07:00,1,28
global.js,34,js,88872fc6,mux002,2025-10-15,00:07:42,-07:00,2025-10-15T00:07:42-07:00,1,20
global.js,35,js,88872fc6,mux002,2025-10-15,00:07:42,-07:00,2025-10-15T00:07:42-07:00,1,0
global.js,36,js,88872fc6,mux002,2025-10-15,00:07:42,-07:00,2025-10-15T00:07:42-07:00,1,30
global.js,37,js,88872fc6,mux002,2025-10-15,00:07:42,-07:00,2025-10-15T00:07:42-07:00,1,34
global.js,38,js,88872fc6,mux002,2025-10-15,00:07:42,-07:00,2025-10-15T00:07:42-07:00,2,11
global.js,39,js,88872fc6,mux002,2025-10-15,00:07:42,-07:00,2025-10-15T00:07:42-07:00,2,20
global.js,40,js,88872fc6,mux002,2025-10-15,00:07:42,-07:00,2025-10-15T00:07:42-07:00,2,65
global.js,41,js,88872fc6,mux002,2025-10-15,00:07:42,-07:00,2025-10-15T00:07:42-07:00,4,25
global.js,42,js,88872fc6,mux002,2025-10-15,00:07:42,-07:00,2025-10-15T00:07:42-07:00,2,0
global.js,43,js,88872fc6,mux002,2025-10-15,00:07:42,-07:00,2025-10-15T00:07:42-07:00,2,29
global.js,44,js,88872fc6,mux002,2025-10-15,00:07:42,-07:00,2025-10-15T00:07:42-07:00,4,18
global.js,45,js,88872fc6,mux002,2025-10-15,00:07:42,-07:00,2025-10-15T00:07:42-07:00,2,0
global.js,46,js,88872fc6,mux002,2025-10-15,00:07:42,-07:00,2025-10-15T00:07:42-07:00,2,12
global.js,47,js,88872fc6,mux002,2025-10-15,00:07:42,-07:00,2025-10-15T00:07:42-07:00,0,0
global.js,48,js,88872fc6,mux002,2025-10-15,00:07:42,-07:00,2025-10-15T00:07:42-07:00,0,0
global.js,49,js,88872fc6,mux002,2025-10-15,00:07:42,-07:00,2025-10-15T00:07:42-07:00,0,31
global.js,50,js,88872fc6,mux002,2025-10-15,00:07:42,-07:00,2025-10-15T00:07:42-07:00,1,11
global.js,51,js,88872fc6,mux002,2025-10-15,00:07:42,-07:00,2025-10-15T00:07:42-07:00,1,0
global.js,52,js,88872fc6,mux002,2025-10-15,00:07:42,-07:00,2025-10-15T00:07:42-07:00,1,26
global.js,53,js,88872fc6,mux002,2025-10-15,00:07:42,-07:00,2025-10-15T00:07:42-07:00,2,4
global.js,54,js,88872fc6,mux002,2025-10-15,00:07:42,-07:00,2025-10-15T00:07:42-07:00,2,24
global.js,55,js,88872fc6,mux002,2025-10-15,00:07:42,-07:00,2025-10-15T00:07:42-07:00,3,52
global.js,56,js,88872fc6,mux002,2025-10-15,00:07:42,-07:00,2025-10-15T00:07:42-07:00,3,34
global.js,57,js,88872fc6,mux002,2025-10-15,00:07:42,-07:00,2025-10-15T00:07:42-07:00,3,32
global.js,58,js,88872fc6,mux002,2025-10-15,00:07:42,-07:00,2025-10-15T00:07:42-07:00,2,7
global.js,59,js,88872fc6,mux002,2025-10-15,00:07:42,-07:00,2025-10-15T00:07:42-07:00,1,6
global.js,60,js,88872fc6,mux002,2025-10-15,00:07:42,-07:00,2025-10-15T00:07:42-07:00,1,0
global.js,61,js,88872fc6,mux002,2025-10-15,00:07:42,-07:00,2025-10-15T00:07:42-07:00,0,0
global.js,62,js,88872fc6,mux002,2025-10-15,00:07:42,-07:00,2025-10-15T00:07:42-07:00,0,0
global.js,63,js,88872fc6,mux002,2025-10-15,00:07:42,-07:00,2025-10-15T00:07:42-07:00,0,60
global.js,64,js,88872fc6,mux002,2025-10-15,00:07:42,-07:00,2025-10-15T00:07:42-07:00,0,49
global.js,65,js,88872fc6,mux002,2025-10-15,00:07:42,-07:00,2025-10-15T00:07:42-07:00,1,57
global.js,66,js,88872fc6,mux002,2025-10-15,00:07:42,-07:00,2025-10-15T00:07:42-07:00,1,77
global.js,67,js,88872fc6,mux002,2025-10-15,00:07:42,-07:00,2025-10-15T00:07:42-07:00,1,44
global.js,68,js,88872fc6,mux002,2025-10-15,00:07:42,-07:00,2025-10-15T00:07:42-07:00,0,1
global.js,69,js,88872fc6,mux002,2025-10-15,00:07:42,-07:00,2025-10-15T00:07:42-07:00,0,34
global.js,70,js,88872fc6,mux002,2025-10-15,00:07:42,-07:00,2025-10-15T00:07:42-07:00,1,38
global.js,71,js,88872fc6,mux002,2025-10-15,00:07:42,-07:00,2025-10-15T00:07:42-07:00,1,83
global.js,72,js,88872fc6,mux002,2025-10-15,00:07:42,-07:00,2025-10-15T00:07:42-07:00,0,0
global.js,73,js,88872fc6,mux002,2025-10-15,00:07:42,-07:00,2025-10-15T00:07:42-07:00,0,4
global.js,74,js,88872fc6,mux002,2025-10-15,00:07:42,-07:00,2025-10-15T00:07:42-07:00,1,71
global.js,75,js,88872fc6,mux002,2025-10-15,00:07:42,-07:00,2025-10-15T00:07:42-07:00,0,0
global.js,76,js,678bebec,mux002,2025-10-23,20:13:27,-07:00,2025-10-23T20:13:27-07:00,0,0
global.js,77,js,678bebec,mux002,2025-10-23,20:13:27,-07:00,2025-10-23T20:13:27-07:00,0,36
global.js,78,js,678bebec,mux002,2025-10-23,20:13:27,-07:00,2025-10-23T20:13:27-07:00,1,3
global.js,79,js,678bebec,mux002,2025-10-23,20:13:27,-07:00,2025-10-23T20:13:27-07:00,2,39
global.js,80,js,678bebec,mux002,2025-10-23,20:13:27,-07:00,2025-10-23T20:13:27-07:00,2,32
global.js,81,js,678bebec,mux002,2025-10-23,20:13:27,-07:00,2025-10-23T20:13:27-07:00,2,43
global.js,82,js,678bebec,mux002,2025-10-23,20:13:27,-07:00,2025-10-23T20:13:27-07:00,2,17
global.js,83,js,678bebec,mux002,2025-10-23,20:13:27,-07:00,2025-10-23T20:13:27-07:00,3,85
global.js,84,js,678bebec,mux002,2025-10-23,20:13:27,-07:00,2025-10-23T20:13:27-07:00,2,0
global.js,85,js,678bebec,mux002,2025-10-23,20:13:27,-07:00,2025-10-23T20:13:27-07:00,2,33
global.js,86,js,678bebec,mux002,2025-10-23,20:13:27,-07:00,2025-10-23T20:13:27-07:00,2,10
global.js,87,js,678bebec,mux002,2025-10-23,20:13:27,-07:00,2025-10-23T20:13:27-07:00,1,15
global.js,88,js,678bebec,mux002,2025-10-23,20:13:27,-07:00,2025-10-23T20:13:27-07:00,2,59
global.js,89,js,678bebec,mux002,2025-10-23,20:13:27,-07:00,2025-10-23T20:13:27-07:00,1,0
global.js,90,js,678bebec,mux002,2025-10-23,20:13:27,-07:00,2025-10-23T20:13:27-07:00,0,0
global.js,91,js,678bebec,mux002,2025-10-23,20:13:27,-07:00,2025-10-23T20:13:27-07:00,0,0
global.js,92,js,678bebec,mux002,2025-10-23,20:13:27,-07:00,2025-10-23T20:13:27-07:00,0,78
global.js,93,js,678bebec,mux002,2025-10-23,20:13:27,-07:00,2025-10-23T20:13:27-07:00,1,30
global.js,94,js,678bebec,mux002,2025-10-23,20:13:27,-07:00,2025-10-23T20:13:27-07:00,1,24
global.js,95,js,678bebec,mux002,2025-10-23,20:13:27,-07:00,2025-10-23T20:13:27-07:00,2,48
global.js,96,js,678bebec,mux002,2025-10-23,20:13:27,-07:00,2025-10-23T20:13:27-07:00,2,19
global.js,97,js,5a4fef4f,mux002,2025-10-29,20:19:45,-07:00,2025-10-29T20:19:45-07:00,3,43
global.js,98,js,5a4fef4f,mux002,2025-10-29,20:19:45,-07:00,2025-10-29T20:19:45-07:00,3,37
global.js,99,js,a9c5f9e6,mux002,2025-10-29,20:10:51,-07:00,2025-10-29T20:10:51-07:00,3,24
global.js,100,js,a9c5f9e6,mux002,2025-10-29,20:10:51,-07:00,2025-10-29T20:10:51-07:00,4,21
global.js,101,js,a9c5f9e6,mux002,2025-10-29,20:10:51,-07:00,2025-10-29T20:10:51-07:00,4,38
global.js,102,js,a9c5f9e6,mux002,2025-10-29,20:10:51,-07:00,2025-10-29T20:10:51-07:00,3,4
global.js,103,js,678bebec,mux002,2025-10-23,20:13:27,-07:00,2025-10-23T20:13:27-07:00,2,0
global.js,104,js,678bebec,mux002,2025-10-23,20:13:27,-07:00,2025-10-23T20:13:27-07:00,2,36
global.js,105,js,678bebec,mux002,2025-10-23,20:13:27,-07:00,2025-10-23T20:13:27-07:00,1,0
global.js,106,js,7bfeea31,mux002,2025-10-23,21:31:06,-07:00,2025-10-23T21:31:06-07:00,0,0
global.js,107,js,7bfeea31,mux002,2025-10-23,21:31:06,-07:00,2025-10-23T21:31:06-07:00,0,0
global.js,108,js,7bfeea31,mux002,2025-10-23,21:31:06,-07:00,2025-10-23T21:31:06-07:00,0,47
global.js,109,js,7bfeea31,mux002,2025-10-23,21:31:06,-07:00,2025-10-23T21:31:06-07:00,1,59
global.js,110,js,678bebec,mux002,2025-10-23,20:13:27,-07:00,2025-10-23T20:13:27-07:00,0,0
resume/index.html,1,html,a14e31e8,mux002,2025-10-03,13:27:31,-07:00,2025-10-03T13:27:31-07:00,0,13
resume/index.html,2,html,a14e31e8,mux002,2025-10-03,13:27:31,-07:00,2025-10-03T13:27:31-07:00,0,14
resume/index.html,3,html,a14e31e8,mux002,2025-10-03,13:27:31,-07:00,2025-10-03T13:27:31-07:00,0,4
resume/index.html,4,html,a14e31e8,mux002,2025-10-03,13:27:31,-07:00,2025-10-03T13:27:31-07:00,2,20
resume/index.html,5,html,a14e31e8,mux002,2025-10-03,13:27:31,-07:00,2025-10-03T13:27:31-07:00,2,68
resume/index.html,6,html,a14e31e8,mux002,2025-10-03,13:27:31,-07:00,2025-10-03T13:27:31-07:00,2,30
resume/index.html,7,html,a14e31e8,mux002,2025-10-03,13:27:31,-07:00,2025-10-03T13:27:31-07:00,2,41
resume/index.html,8,html,88872fc6,mux002,2025-10-15,00:07:42,-07:00,2025-10-15T00:07:42-07:00,2,48
resume/index.html,9,html,a14e31e8,mux002,2025-10-03,13:27:31,-07:00,2025-10-03T13:27:31-07:00,0,5
resume/index.html,10,html,a14e31e8,mux002,2025-10-03,13:27:31,-07:00,2025-10-03T13:27:31-07:00,0,4
resume/index.html,11,html,88872fc6,mux002,2025-10-15,00:07:42,-07:00,2025-10-15T00:07:42-07:00,2,9
resume/index.html,12,html,a14e31e8,mux002,2025-10-03,13:27:31,-07:00,2025-10-03T13:27:31-07:00,2,13
resume/index.html,13,html,a14e31e8,mux002,2025-10-03,13:27:31,-07:00,2025-10-03T13:27:31-07:00,2,7
resume/index.html,14,html,a14e31e8,mux002,2025-10-03,13:27:31,-07:00,2025-10-03T13:27:31-07:00,4,6
resume/index.html,15,html,a14e31e8,mux002,2025-10-03,13:27:31,-07:00,2025-10-03T13:27:31-07:00,6,16
resume/index.html,16,html,a14e31e8,mux002,2025-10-03,13:27:31,-07:00,2025-10-03T13:27:31-07:00,4,7
resume/index.html,17,html,a14e31e8,mux002,2025-10-03,13:27:31,-07:00,2025-10-03T13:27:31-07:00,4,7
resume/index.html,18,html,a14e31e8,mux002,2025-10-03,13:27:31,-07:00,2025-10-03T13:27:31-07:00,6,42
resume/index.html,19,html,a14e31e8,mux002,2025-10-03,13:27:31,-07:00,2025-10-03T13:27:31-07:00,6,54
resume/index.html,20,html,a14e31e8,mux002,2025-10-03,13:27:31,-07:00,2025-10-03T13:27:31-07:00,6,46
resume/index.html,21,html,a14e31e8,mux002,2025-10-03,13:27:31,-07:00,2025-10-03T13:27:31-07:00,6,50
resume/index.html,22,html,a14e31e8,mux002,2025-10-03,13:27:31,-07:00,2025-10-03T13:27:31-07:00,4,8
resume/index.html,23,html,a14e31e8,mux002,2025-10-03,13:27:31,-07:00,2025-10-03T13:27:31-07:00,2,8
resume/index.html,24,html,a14e31e8,mux002,2025-10-03,13:27:31,-07:00,2025-10-03T13:27:31-07:00,2,7
resume/index.html,25,html,a14e31e8,mux002,2025-10-03,13:27:31,-07:00,2025-10-03T13:27:31-07:00,4,6
resume/index.html,26,html,a14e31e8,mux002,2025-10-03,13:27:31,-07:00,2025-10-03T13:27:31-07:00,6,17
resume/index.html,27,html,a14e31e8,mux002,2025-10-03,13:27:31,-07:00,2025-10-03T13:27:31-07:00,4,7
resume/index.html,28,html,a14e31e8,mux002,2025-10-03,13:27:31,-07:00,2025-10-03T13:27:31-07:00,4,7
resume/index.html,29,html,a14e31e8,mux002,2025-10-03,13:27:31,-07:00,2025-10-03T13:27:31-07:00,6,26
resume/index.html,30,html,a14e31e8,mux002,2025-10-03,13:27:31,-07:00,2025-10-03T13:27:31-07:00,6,49
resume/index.html,31,html,a14e31e8,mux002,2025-10-03,13:27:31,-07:00,2025-10-03T13:27:31-07:00,6,41
resume/index.html,32,html,a14e31e8,mux002,2025-10-03,13:27:31,-07:00,2025-10-03T13:27:31-07:00,6,44
resume/index.html,33,html,a14e31e8,mux002,2025-10-03,13:27:31,-07:00,2025-10-03T13:27:31-07:00,6,2
resume/index.html,34,html,a14e31e8,mux002,2025-10-03,13:27:31,-07:00,2025-10-03T13:27:31-07:00,8,60
resume/index.html,35,html,a14e31e8,mux002,2025-10-03,13:27:31,-07:00,2025-10-03T13:27:31-07:00,8,64
resume/index.html,36,html,a14e31e8,mux002,2025-10-03,13:27:31,-07:00,2025-10-03T13:27:31-07:00,8,72
resume/index.html,37,html,a14e31e8,mux002,2025-10-03,13:27:31,-07:00,2025-10-03T13:27:31-07:00,6,3
resume/index.html,38,html,a14e31e8,mux002,2025-10-03,13:27:31,-07:00,2025-10-03T13:27:31-07:00,4,8
resume/index.html,39,html,a14e31e8,mux002,2025-10-03,13:27:31,-07:00,2025-10-03T13:27:31-07:00,4,7
resume/index.html,40,html,a14e31e8,mux002,2025-10-03,13:27:31,-07:00,2025-10-03T13:27:31-07:00,6,34
resume/index.html,41,html,a14e31e8,mux002,2025-10-03,13:27:31,-07:00,2025-10-03T13:27:31-07:00,6,56
resume/index.html,42,html,a14e31e8,mux002,2025-10-03,13:27:31,-07:00,2025-10-03T13:27:31-07:00,6,52
resume/index.html,43,html,a14e31e8,mux002,2025-10-03,13:27:31,-07:00,2025-10-03T13:27:31-07:00,6,2
resume/index.html,44,html,a14e31e8,mux002,2025-10-03,13:27:31,-07:00,2025-10-03T13:27:31-07:00,8,58
resume/index.html,45,html,a14e31e8,mux002,2025-10-03,13:27:31,-07:00,2025-10-03T13:27:31-07:00,8,62
resume/index.html,46,html,a14e31e8,mux002,2025-10-03,13:27:31,-07:00,2025-10-03T13:27:31-07:00,8,63
resume/index.html,47,html,a14e31e8,mux002,2025-10-03,13:27:31,-07:00,2025-10-03T13:27:31-07:00,6,3
resume/index.html,48,html,a14e31e8,mux002,2025-10-03,13:27:31,-07:00,2025-10-03T13:27:31-07:00,4,8
resume/index.html,49,html,a14e31e8,mux002,2025-10-03,13:27:31,-07:00,2025-10-03T13:27:31-07:00,2,8
resume/index.html,50,html,a14e31e8,mux002,2025-10-03,13:27:31,-07:00,2025-10-03T13:27:31-07:00,2,7
resume/index.html,51,html,a14e31e8,mux002,2025-10-03,13:27:31,-07:00,2025-10-03T13:27:31-07:00,4,6
resume/index.html,52,html,a14e31e8,mux002,2025-10-03,13:27:31,-07:00,2025-10-03T13:27:31-07:00,6,13
resume/index.html,53,html,a14e31e8,mux002,2025-10-03,13:27:31,-07:00,2025-10-03T13:27:31-07:00,4,7
resume/index.html,54,html,a14e31e8,mux002,2025-10-03,13:27:31,-07:00,2025-10-03T13:27:31-07:00,4,2
resume/index.html,55,html,a14e31e8,mux002,2025-10-03,13:27:31,-07:00,2025-10-03T13:27:31-07:00,6,42
resume/index.html,56,html,a14e31e8,mux002,2025-10-03,13:27:31,-07:00,2025-10-03T13:27:31-07:00,6,36
resume/index.html,57,html,a14e31e8,mux002,2025-10-03,13:27:31,-07:00,2025-10-03T13:27:31-07:00,6,32
resume/index.html,58,html,a14e31e8,mux002,2025-10-03,13:27:31,-07:00,2025-10-03T13:27:31-07:00,6,25
resume/index.html,59,html,a14e31e8,mux002,2025-10-03,13:27:31,-07:00,2025-10-03T13:27:31-07:00,4,3
resume/index.html,60,html,a14e31e8,mux002,2025-10-03,13:27:31,-07:00,2025-10-03T13:27:31-07:00,2,8
resume/index.html,61,html,a14e31e8,mux002,2025-10-03,13:27:31,-07:00,2025-10-03T13:27:31-07:00,2,7
resume/index.html,62,html,a14e31e8,mux002,2025-10-03,13:27:31,-07:00,2025-10-03T13:27:31-07:00,4,6
resume/index.html,63,html,a14e31e8,mux002,2025-10-03,13:27:31,-07:00,2025-10-03T13:27:31-07:00,6,29
resume/index.html,64,html,a14e31e8,mux002,2025-10-03,13:27:31,-07:00,2025-10-03T13:27:31-07:00,4,7
resume/index.html,65,html,a14e31e8,mux002,2025-10-03,13:27:31,-07:00,2025-10-03T13:27:31-07:00,4,126
resume/index.html,66,html,a14e31e8,mux002,2025-10-03,13:27:31,-07:00,2025-10-03T13:27:31-07:00,2,8
resume/index.html,67,html,a14e31e8,mux002,2025-10-03,13:27:31,-07:00,2025-10-03T13:27:31-07:00,0,5
resume/index.html,68,html,a14e31e8,mux002,2025-10-03,13:27:31,-07:00,2025-10-03T13:27:31-07:00,0,5
projects/projects.js,1,js,678bebec,mux002,2025-10-23,20:13:27,-07:00,2025-10-23T20:13:27-07:00,0,55
projects/projects.js,2,js,678bebec,mux002,2025-10-23,20:13:27,-07:00,2025-10-23T20:13:27-07:00,0,55
projects/projects.js,3,js,678bebec,mux002,2025-10-23,20:13:27,-07:00,2025-10-23T20:13:27-07:00,0,56
projects/projects.js,4,js,678bebec,mux002,2025-10-23,20:13:27,-07:00,2025-10-23T20:13:27-07:00,0,39
projects/projects.js,5,js,678bebec,mux002,2025-10-23,20:13:27,-07:00,2025-10-23T20:13:27-07:00,2,24
projects/projects.js,6,js,678bebec,mux002,2025-10-23,20:13:27,-07:00,2025-10-23T20:13:27-07:00,2,36
projects/projects.js,7,js,678bebec,mux002,2025-10-23,20:13:27,-07:00,2025-10-23T20:13:27-07:00,0,0
projects/projects.js,8,js,678bebec,mux002,2025-10-23,20:13:27,-07:00,2025-10-23T20:13:27-07:00,0,52
projects/projects.js,9,js,4c3e2a00,mux002,2025-10-29,22:03:07,-07:00,2025-10-29T22:03:07-07:00,0,40
projects/projects.js,10,js,4c3e2a00,mux002,2025-10-29,22:03:07,-07:00,2025-10-29T22:03:07-07:00,0,0
projects/projects.js,11,js,4c3e2a00,mux002,2025-10-29,22:03:07,-07:00,2025-10-29T22:03:07-07:00,0,63
projects/projects.js,12,js,93207d2b,mux002,2025-10-30,15:22:07,-07:00,2025-10-30T15:22:07-07:00,0,0
projects/projects.js,13,js,93207d2b,mux002,2025-10-30,15:22:07,-07:00,2025-10-30T15:22:07-07:00,0,21
projects/projects.js,14,js,93207d2b,mux002,2025-10-30,15:22:07,-07:00,2025-10-30T15:22:07-07:00,0,0
projects/projects.js,15,js,53f5e950,mux002,2025-10-30,13:13:24,-07:00,2025-10-30T13:13:24-07:00,0,42
projects/projects.js,16,js,53f5e950,mux002,2025-10-30,13:13:24,-07:00,2025-10-30T13:13:24-07:00,0,36
projects/projects.js,17,js,53f5e950,mux002,2025-10-30,13:13:24,-07:00,2025-10-30T13:13:24-07:00,0,0
projects/projects.js,18,js,53f5e950,mux002,2025-10-30,13:13:24,-07:00,2025-10-30T13:13:24-07:00,0,38
projects/projects.js,19,js,53f5e950,mux002,2025-10-30,13:13:24,-07:00,2025-10-30T13:13:24-07:00,2,29
projects/projects.js,20,js,53f5e950,mux002,2025-10-30,13:13:24,-07:00,2025-10-30T13:13:24-07:00,4,12
projects/projects.js,21,js,53f5e950,mux002,2025-10-30,13:13:24,-07:00,2025-10-30T13:13:24-07:00,4,14
projects/projects.js,22,js,53f5e950,mux002,2025-10-30,13:13:24,-07:00,2025-10-30T13:13:24-07:00,4,12
projects/projects.js,23,js,53f5e950,mux002,2025-10-30,13:13:24,-07:00,2025-10-30T13:13:24-07:00,2,0
projects/projects.js,24,js,53f5e950,mux002,2025-10-30,13:13:24,-07:00,2025-10-30T13:13:24-07:00,2,50
projects/projects.js,25,js,53f5e950,mux002,2025-10-30,13:13:24,-07:00,2025-10-30T13:13:24-07:00,4,35
projects/projects.js,26,js,53f5e950,mux002,2025-10-30,13:13:24,-07:00,2025-10-30T13:13:24-07:00,2,1
projects/projects.js,27,js,53f5e950,mux002,2025-10-30,13:13:24,-07:00,2025-10-30T13:13:24-07:00,0,0
projects/projects.js,28,js,93207d2b,mux002,2025-10-30,15:22:07,-07:00,2025-10-30T15:22:07-07:00,2,39
projects/projects.js,29,js,53f5e950,mux002,2025-10-30,13:13:24,-07:00,2025-10-30T13:13:24-07:00,2,51
projects/projects.js,30,js,93207d2b,mux002,2025-10-30,15:22:07,-07:00,2025-10-30T15:22:07-07:00,2,28
projects/projects.js,31,js,53f5e950,mux002,2025-10-30,13:13:24,-07:00,2025-10-30T13:13:24-07:00,2,45
projects/projects.js,32,js,93207d2b,mux002,2025-10-30,15:22:07,-07:00,2025-10-30T15:22:07-07:00,2,47
projects/projects.js,33,js,53f5e950,mux002,2025-10-30,13:13:24,-07:00,2025-10-30T13:13:24-07:00,0,0
projects/projects.js,34,js,53f5e950,mux002,2025-10-30,13:13:24,-07:00,2025-10-30T13:13:24-07:00,2,26
projects/projects.js,35,js,53f5e950,mux002,2025-10-30,13:13:24,-07:00,2025-10-30T13:13:24-07:00,2,31
projects/projects.js,36,js,93207d2b,mux002,2025-10-30,15:22:07,-07:00,2025-10-30T15:22:07-07:00,0,0
projects/projects.js,37,js,93207d2b,mux002,2025-10-30,15:22:07,-07:00,2025-10-30T15:22:07-07:00,2,29
projects/projects.js,38,js,53f5e950,mux002,2025-10-30,13:13:24,-07:00,2025-10-30T13:13:24-07:00,4,16
projects/projects.js,39,js,93207d2b,mux002,2025-10-30,15:22:07,-07:00,2025-10-30T15:22:07-07:00,4,15
projects/projects.js,40,js,93207d2b,mux002,2025-10-30,15:22:07,-07:00,2025-10-30T15:22:07-07:00,4,22
projects/projects.js,41,js,93207d2b,mux002,2025-10-30,15:22:07,-07:00,2025-10-30T15:22:07-07:00,4,53
projects/projects.js,42,js,93207d2b,mux002,2025-10-30,15:22:07,-07:00,2025-10-30T15:22:07-07:00,4,18
projects/projects.js,43,js,93207d2b,mux002,2025-10-30,15:22:07,-07:00,2025-10-30T15:22:07-07:00,6,45
projects/projects.js,44,js,93207d2b,mux002,2025-10-30,15:22:07,-07:00,2025-10-30T15:22:07-07:00,6,19
projects/projects.js,45,js,93207d2b,mux002,2025-10-30,15:22:07,-07:00,2025-10-30T15:22:07-07:00,8,70
projects/projects.js,46,js,93207d2b,mux002,2025-10-30,15:22:07,-07:00,2025-10-30T15:22:07-07:00,6,22
projects/projects.js,47,js,93207d2b,mux002,2025-10-30,15:22:07,-07:00,2025-10-30T15:22:07-07:00,8,83
projects/projects.js,48,js,93207d2b,mux002,2025-10-30,15:22:07,-07:00,2025-10-30T15:22:07-07:00,6,25
projects/projects.js,49,js,93207d2b,mux002,2025-10-30,15:22:07,-07:00,2025-10-30T15:22:07-07:00,8,45
projects/projects.js,50,js,93207d2b,mux002,2025-10-30,15:22:07,-07:00,2025-10-30T15:22:07-07:00,6,6
projects/projects.js,51,js,93207d2b,mux002,2025-10-30,15:22:07,-07:00,2025-10-30T15:22:07-07:00,8,40
projects/projects.js,52,js,93207d2b,mux002,2025-10-30,15:22:07,-07:00,2025-10-30T15:22:07-07:00,8,74
projects/projects.js,53,js,93207d2b,mux002,2025-10-30,15:22:07,-07:00,2025-10-30T15:22:07-07:00,8,40
projects/projects.js,54,js,93207d2b,mux002,2025-10-30,15:22:07,-07:00,2025-10-30T15:22:07-07:00,6,0
projects/projects.js,55,js,93207d2b,mux002,2025-10-30,15:22:07,-07:00,2025-10-30T15:22:07-07:00,4,1
projects/projects.js,56,js,53f5e950,mux002,2025-10-30,13:13:24,-07:00,2025-10-30T13:13:24-07:00,2,1
projects/projects.js,57,js,93207d2b,mux002,2025-10-30,15:22:07,-07:00,2025-10-30T15:22:07-07:00,0,0
projects/projects.js,58,js,53f5e950,mux002,2025-10-30,13:13:24,-07:00,2025-10-30T13:13:24-07:00,2,27
projects/projects.js,59,js,93207d2b,mux002,2025-10-30,15:22:07,-07:00,2025-10-30T15:22:07-07:00,4,19
projects/projects.js,60,js,53f5e950,mux002,2025-10-30,13:13:24,-07:00,2025-10-30T13:13:24-07:00,6,38
projects/projects.js,61,js,93207d2b,mux002,2025-10-30,15:22:07,-07:00,2025-10-30T15:22:07-07:00,6,70
projects/projects.js,62,js,93207d2b,mux002,2025-10-30,15:22:07,-07:00,2025-10-30T15:22:07-07:00,6,68
projects/projects.js,63,js,93207d2b,mux002,2025-10-30,15:22:07,-07:00,2025-10-30T15:22:07-07:00,6,18
projects/projects.js,64,js,93207d2b,mux002,2025-10-30,15:22:07,-07:00,2025-10-30T15:22:07-07:00,8,49
projects/projects.js,65,js,93207d2b,mux002,2025-10-30,15:22:07,-07:00,2025-10-30T15:22:07-07:00,8,19
projects/projects.js,66,js,93207d2b,mux002,2025-10-30,15:22:07,-07:00,2025-10-30T15:22:07-07:00,10,66
projects/projects.js,67,js,93207d2b,mux002,2025-10-30,15:22:07,-07:00,2025-10-30T15:22:07-07:00,8,22
projects/projects.js,68,js,93207d2b,mux002,2025-10-30,15:22:07,-07:00,2025-10-30T15:22:07-07:00,10,79
projects/projects.js,69,js,93207d2b,mux002,2025-10-30,15:22:07,-07:00,2025-10-30T15:22:07-07:00,8,25
projects/projects.js,70,js,93207d2b,mux002,2025-10-30,15:22:07,-07:00,2025-10-30T15:22:07-07:00,10,45
projects/projects.js,71,js,93207d2b,mux002,2025-10-30,15:22:07,-07:00,2025-10-30T15:22:07-07:00,8,6
projects/projects.js,72,js,93207d2b,mux002,2025-10-30,15:22:07,-07:00,2025-10-30T15:22:07-07:00,10,40
projects/projects.js,73,js,93207d2b,mux002,2025-10-30,15:22:07,-07:00,2025-10-30T15:22:07-07:00,8,74
projects/projects.js,74,js,93207d2b,mux002,2025-10-30,15:22:07,-07:00,2025-10-30T15:22:07-07:00,8,40
projects/projects.js,75,js,93207d2b,mux002,2025-10-30,15:22:07,-07:00,2025-10-30T15:22:07-07:00,8,0
projects/projects.js,76,js,93207d2b,mux002,2025-10-30,15:22:07,-07:00,2025-10-30T15:22:07-07:00,4,1
projects/projects.js,77,js,53f5e950,mux002,2025-10-30,13:13:24,-07:00,2025-10-30T13:13:24-07:00,2,1
projects/projects.js,78,js,53f5e950,mux002,2025-10-30,13:13:24,-07:00,2025-10-30T13:13:24-07:00,0,0
projects/projects.js,79,js,53f5e950,mux002,2025-10-30,13:13:24,-07:00,2025-10-30T13:13:24-07:00,0,0
projects/projects.js,80,js,53f5e950,mux002,2025-10-30,13:13:24,-07:00,2025-10-30T13:13:24-07:00,0,23
projects/projects.js,81,js,53f5e950,mux002,2025-10-30,13:13:24,-07:00,2025-10-30T13:13:24-07:00,0,0
projects/projects.js,82,js,53f5e950,mux002,2025-10-30,13:13:24,-07:00,2025-10-30T13:13:24-07:00,0,13
projects/projects.js,83,js,53f5e950,mux002,2025-10-30,13:13:24,-07:00,2025-10-30T13:13:24-07:00,0,55
projects/projects.js,84,js,53f5e950,mux002,2025-10-30,13:13:24,-07:00,2025-10-30T13:13:24-07:00,0,20
projects/projects.js,85,js,53f5e950,mux002,2025-10-30,13:13:24,-07:00,2025-10-30T13:13:24-07:00,2,8
projects/projects.js,86,js,53f5e950,mux002,2025-10-30,13:13:24,-07:00,2025-10-30T13:13:24-07:00,2,35
projects/projects.js,87,js,53f5e950,mux002,2025-10-30,13:13:24,-07:00,2025-10-30T13:13:24-07:00,4,59
projects/projects.js,88,js,53f5e950,mux002,2025-10-30,13:13:24,-07:00,2025-10-30T13:13:24-07:00,4,42
projects/projects.js,89,js,53f5e950,mux002,2025-10-30,13:13:24,-07:00,2025-10-30T13:13:24-07:00,2,1
projects/projects.js,90,js,53f5e950,mux002,2025-10-30,13:13:24,-07:00,2025-10-30T13:13:24-07:00,0,0
projects/projects.js,91,js,53f5e950,mux002,2025-10-30,13:13:24,-07:00,2025-10-30T13:13:24-07:00,0,16
projects/projects.js,92,js,53f5e950,mux002,2025-10-30,13:13:24,-07:00,2025-10-30T13:13:24-07:00,2,49
projects/projects.js,93,js,53f5e950,mux002,2025-10-30,13:13:24,-07:00,2025-10-30T13:13:24-07:00,4,50
projects/projects.js,94,js,53f5e950,mux002,2025-10-30,13:13:24,-07:00,2025-10-30T13:13:24-07:00,4,48
projects/projects.js,95,js,53f5e950,mux002,2025-10-30,13:13:24,-07:00,2025-10-30T13:13:24-07:00,4,31
projects/projects.js,96,js,53f5e950,mux002,2025-10-30,13:13:24,-07:00,2025-10-30T13:13:24-07:00,2,1
projects/projects.js,97,js,93207d2b,mux002,2025-10-30,15:22:07,-07:00,2025-10-30T15:22:07-07:00,0,0
projects/index.html,1,html,be77d4ce,mux002,2025-10-02,21:01:04,-07:00,2025-10-02T21:01:04-07:00,0,13
projects/index.html,2,html,be77d4ce,mux002,2025-10-02,21:01:04,-07:00,2025-10-02T21:01:04-07:00,0,14
projects/index.html,3,html,be77d4ce,mux002,2025-10-02,21:01:04,-07:00,2025-10-02T21:01:04-07:00,0,4
projects/index.html,4,html,be77d4ce,mux002,2025-10-02,21:01:04,-07:00,2025-10-02T21:01:04-07:00,2,20
projects/index.html,5,html,be77d4ce,mux002,2025-10-02,21:01:04,-07:00,2025-10-02T21:01:04-07:00,2,68
projects/index.html,6,html,be77d4ce,mux002,2025-10-02,21:01:04,-07:00,2025-10-02T21:01:04-07:00,2,32
projects/index.html,7,html,a14e31e8,mux002,2025-10-03,13:27:31,-07:00,2025-10-03T13:27:31-07:00,2,41
projects/index.html,8,html,88872fc6,mux002,2025-10-15,00:07:42,-07:00,2025-10-15T00:07:42-07:00,2,48
projects/index.html,9,html,678bebec,mux002,2025-10-23,20:13:27,-07:00,2025-10-23T20:13:27-07:00,2,47
projects/index.html,10,html,be77d4ce,mux002,2025-10-02,21:01:04,-07:00,2025-10-02T21:01:04-07:00,0,5
projects/index.html,11,html,be77d4ce,mux002,2025-10-02,21:01:04,-07:00,2025-10-02T21:01:04-07:00,0,4
projects/index.html,12,html,88872fc6,mux002,2025-10-15,00:07:42,-07:00,2025-10-15T00:07:42-07:00,2,10
projects/index.html,13,html,678bebec,mux002,2025-10-23,20:13:27,-07:00,2025-10-23T20:13:27-07:00,2,38
projects/index.html,14,html,c1e584de,mux002,2025-10-29,22:09:05,-07:00,2025-10-29T22:09:05-07:00,2,21
projects/index.html,15,html,4c3e2a00,mux002,2025-10-29,22:03:07,-07:00,2025-10-29T22:03:07-07:00,2,58
projects/index.html,16,html,4c3e2a00,mux002,2025-10-29,22:03:07,-07:00,2025-10-29T22:03:07-07:00,2,22
projects/index.html,17,html,c1e584de,mux002,2025-10-29,22:09:05,-07:00,2025-10-29T22:09:05-07:00,2,4
projects/index.html,18,html,53f5e950,mux002,2025-10-30,13:13:24,-07:00,2025-10-30T13:13:24-07:00,2,4
projects/index.html,19,html,53f5e950,mux002,2025-10-30,13:13:24,-07:00,2025-10-30T13:13:24-07:00,4,15
projects/index.html,20,html,53f5e950,mux002,2025-10-30,13:13:24,-07:00,2025-10-30T13:13:24-07:00,4,11
projects/index.html,21,html,53f5e950,mux002,2025-10-30,13:13:24,-07:00,2025-10-30T13:13:24-07:00,4,26
projects/index.html,22,html,53f5e950,mux002,2025-10-30,13:13:24,-07:00,2025-10-30T13:13:24-07:00,4,31
projects/index.html,23,html,53f5e950,mux002,2025-10-30,13:13:24,-07:00,2025-10-30T13:13:24-07:00,2,0
projects/index.html,24,html,446eed91,mux002,2025-10-09,20:12:45,-07:00,2025-10-09T20:12:45-07:00,2,20
projects/index.html,25,html,446eed91,mux002,2025-10-09,20:12:45,-07:00,2025-10-09T20:12:45-07:00,2,4
projects/index.html,26,html,be77d4ce,mux002,2025-10-02,21:01:04,-07:00,2025-10-02T21:01:04-07:00,0,5
projects/index.html,27,html,be77d4ce,mux002,2025-10-02,21:01:04,-07:00,2025-10-02T21:01:04-07:00,0,5
contact/index.html,1,html,be77d4ce,mux002,2025-10-02,21:01:04,-07:00,2025-10-02T21:01:04-07:00,0,13
contact/index.html,2,html,be77d4ce,mux002,2025-10-02,21:01:04,-07:00,2025-10-02T21:01:04-07:00,0,14
contact/index.html,3,html,be77d4ce,mux002,2025-10-02,21:01:04,-07:00,2025-10-02T21:01:04-07:00,0,4
contact/index.html,4,html,be77d4ce,mux002,2025-10-02,21:01:04,-07:00,2025-10-02T21:01:04-07:00,2,20
contact/index.html,5,html,be77d4ce,mux002,2025-10-02,21:01:04,-07:00,2025-10-02T21:01:04-07:00,2,68
contact/index.html,6,html,be77d4ce,mux002,2025-10-02,21:01:04,-07:00,2025-10-02T21:01:04-07:00,2,31
contact/index.html,7,html,a14e31e8,mux002,2025-10-03,13:27:31,-07:00,2025-10-03T13:27:31-07:00,2,41
contact/index.html,8,html,88872fc6,mux002,2025-10-15,00:07:42,-07:00,2025-10-15T00:07:42-07:00,2,48
contact/index.html,9,html,be77d4ce,mux002,2025-10-02,21:01:04,-07:00,2025-10-02T21:01:04-07:00,0,5
contact/index.html,10,html,be77d4ce,mux002,2025-10-02,21:01:04,-07:00,2025-10-02T21:01:04-07:00,0,4
contact/index.html,11,html,88872fc6,mux002,2025-10-15,00:07:42,-07:00,2025-10-15T00:07:42-07:00,2,9
contact/index.html,12,html,be77d4ce,mux002,2025-10-02,21:01:04,-07:00,2025-10-02T21:01:04-07:00,2,14
contact/index.html,13,html,32e77a7b,mux002,2025-10-02,21:35:06,-07:00,2025-10-02T21:35:06-07:00,2,71
contact/index.html,14,html,32e77a7b,mux002,2025-10-02,21:35:06,-07:00,2025-10-02T21:35:06-07:00,4,5
contact/index.html,15,html,32e77a7b,mux002,2025-10-02,21:35:06,-07:00,2025-10-02T21:35:06-07:00,6,9
contact/index.html,16,html,32e77a7b,mux002,2025-10-02,21:35:06,-07:00,2025-10-02T21:35:06-07:00,6,54
contact/index.html,17,html,32e77a7b,mux002,2025-10-02,21:35:06,-07:00,2025-10-02T21:35:06-07:00,4,6
contact/index.html,18,html,32e77a7b,mux002,2025-10-02,21:35:06,-07:00,2025-10-02T21:35:06-07:00,4,6
contact/index.html,19,html,32e77a7b,mux002,2025-10-02,21:35:06,-07:00,2025-10-02T21:35:06-07:00,4,5
contact/index.html,20,html,32e77a7b,mux002,2025-10-02,21:35:06,-07:00,2025-10-02T21:35:06-07:00,6,6
contact/index.html,21,html,32e77a7b,mux002,2025-10-02,21:35:06,-07:00,2025-10-02T21:35:06-07:00,6,33
contact/index.html,22,html,32e77a7b,mux002,2025-10-02,21:35:06,-07:00,2025-10-02T21:35:06-07:00,4,6
contact/index.html,23,html,32e77a7b,mux002,2025-10-02,21:35:06,-07:00,2025-10-02T21:35:06-07:00,4,6
contact/index.html,24,html,32e77a7b,mux002,2025-10-02,21:35:06,-07:00,2025-10-02T21:35:06-07:00,4,5
contact/index.html,25,html,32e77a7b,mux002,2025-10-02,21:35:06,-07:00,2025-10-02T21:35:06-07:00,6,6
contact/index.html,26,html,32e77a7b,mux002,2025-10-02,21:35:06,-07:00,2025-10-02T21:35:06-07:00,6,53
contact/index.html,27,html,32e77a7b,mux002,2025-10-02,21:35:06,-07:00,2025-10-02T21:35:06-07:00,4,6
contact/index.html,28,html,32e77a7b,mux002,2025-10-02,21:35:06,-07:00,2025-10-02T21:35:06-07:00,4,6
contact/index.html,29,html,32e77a7b,mux002,2025-10-02,21:35:06,-07:00,2025-10-02T21:35:06-07:00,4,19
contact/index.html,30,html,32e77a7b,mux002,2025-10-02,21:35:06,-07:00,2025-10-02T21:35:06-07:00,2,5
contact/index.html,31,html,be77d4ce,mux002,2025-10-02,21:01:04,-07:00,2025-10-02T21:01:04-07:00,0,5
contact/index.html,32,html,be77d4ce,mux002,2025-10-02,21:01:04,-07:00,2025-10-02T21:01:04-07:00,0,5
